id,sunh,swb
1,4.9,7.5
1,3.9,8.25
1,5.1,5.75
1,3.9,7
1,4.4,7.5
1,4.5,7.75
1,4.2,5
1,3.7,8.25
1,3.8,6.75
1,7.9,7.75
1,6.6,10
1,5.6,6.75
1,4,5.25
1,3.3,7.75
1,4.8,6
1,4.2,8.25
1,4.5,8
1,5.5,10
1,5.9,6.75
1,3.4,8.5
1,2.9,8.25
1,2.8,9
1,5.2,6.5
1,3.9,5.75
1,5.1,8
1,4.8,6
1,4.3,3
1,3.5,6
1,4.5,8.25
1,3.7,6.75
1,5,7.5
1,4.5,8.25
1,4.3,7.25
1,4.5,4.5
1,3.2,6.5
1,4.5,6.25
1,4.1,7.25
1,5.8,3
1,6,9
1,3.5,6.75
1,3.4,8.5
1,5.2,9.5
1,1.8,9
1,2.9,8.5
1,3.6,5.5
2,4.3,4.5
2,3.9,3.75
2,4.9,5
2,5.1,6.25
2,6.1,5.75
2,5.8,3.5
2,5.8,4
2,5.4,5
2,3.6,3.75
2,3.7,7.25
2,5.3,7.75
2,4.9,4.5
2,5.2,5
2,5.4,7.5
2,4.6,10
2,5.2,3.75
2,5.9,7.75
2,6.7,6.75
2,5.4,4
2,5.7,6.25
2,4.9,2.75
2,4.6,7
2,3.7,2.75
2,2.6,6.25
2,5.3,6.25
2,6,4.75
2,5.3,9
2,6.4,5.5
2,5.5,6.75
2,4.4,6
2,2.9,1
2,5.5,7.5
2,4.7,3.75
2,3.6,4
2,4.9,5.5
2,5.9,6.75
2,4.5,5.75
2,5.3,3.5
2,3.9,2.75
2,4.4,5.25
2,6.3,3
2,5.4,8.5
2,4.7,4.5
2,5.7,4.25
2,4.5,6.5
3,0.8,6.75
3,1.4,7.25
3,2.3,6.5
3,2.2,7.5
3,1.7,7.5
3,1.1,6
3,2.1,8.5
3,3.5,5
3,0.7,6.75
3,0.7,6.5
3,1,8
3,1.7,7
3,2.1,8.75
3,3.2,8.5
3,1.8,10
3,3.5,8.25
3,2.8,8.5
3,2.6,10
3,3.2,10
3,1.4,6.25
3,1.2,7.5
3,2,7.25
3,2.5,7.5
3,2.8,9.25
3,1.6,8.75
3,0.2,7
3,4.8,9.25
3,2.1,6.75
3,1.4,8.5
3,2.2,8
3,3.6,10
3,1.1,8.5
3,1.3,4.75
3,2.9,8
3,1.1,8
3,1.9,8.75
3,1.6,9
3,0.9,9.5
3,1.1,6
3,2.5,6.75
3,1.2,8.5
3,1.3,5
3,3.6,5.5
3,3.9,10
3,2.4,7.5
4,0.2,8.75
4,2.8,6.5
4,2.3,7
4,1.3,10
4,3,7
4,1.3,8
4,3.3,8.5
4,3.6,9.25
4,4,8
4,2.4,7.75
4,2.1,4.5
4,0.5,9.75
4,3,8.75
4,1.9,8
4,0.9,9.25
4,1.1,7.5
4,2.8,9.5
4,0.5,9.25
4,2.5,3.75
4,2.5,8.75
4,1.6,8.75
4,1.6,4.75
4,2.9,8.25
4,1.7,10
4,1.2,6.5
4,4.1,7.25
4,1,8
4,1.3,6.5
4,1.9,4.5
4,0.2,6.25
4,2,8.75
4,2.3,8
4,3.8,9.5
4,1.8,5.25
4,3.9,7.25
4,1.8,7.25
4,1.3,8.75
4,1.9,9.5
4,3.6,9.25
4,2.1,5.5
4,2.9,7
4,2.6,7.25
4,2.5,7
4,1.8,6.5
4,3.5,7.25
5,5,6.5
5,3.6,8.25
5,3.4,8
5,4.5,10
5,4.6,9.5
5,4.3,10
5,4.8,6
5,4.5,8.25
5,5.3,5.25
5,2.7,7.25
5,5,6.5
5,4.2,8.75
5,3.6,9.5
5,3.4,8.5
5,5.4,9.25
5,4.2,6.75
5,3.6,4.75
5,3.6,4.5
5,5.1,6.75
5,3.1,6.25
5,5.4,9.75
5,3.7,6.75
5,4.3,8.5
5,3.8,6.75
5,3.8,9
5,3.7,7
5,4.6,8.75
5,2.9,7
5,4.3,7.5
5,4.4,9.25
5,6.3,4.75
5,4.8,10
5,3.4,6.5
5,4.9,8
5,3.9,10
5,5.4,5.5
5,5.5,9.25
5,2.5,3.75
5,3.7,6
5,4.4,4.5
5,3.5,8.5
5,3.7,5.5
5,5.2,4.75
5,4.6,6
5,6.9,6
6,7.7,4.25
6,7.2,9.5
6,10.8,7.25
6,7.7,3.5
6,8.6,6.5
6,8.7,6.5
6,8.1,8.5
6,8.9,9
6,8,8.5
6,7.3,7.75
6,9.4,10
6,8,7.5
6,8.8,5.5
6,8,10
6,9.4,7.75
6,8.7,6.75
6,8,7
6,8,4.5
6,8.7,8.5
6,8.7,6.75
6,7.4,3.25
6,7.8,7.25
6,6,8.25
6,9,6.25
6,7,7.75
6,9.7,9.25
6,8.7,7.75
6,9.9,7
6,8.2,8.25
6,7.1,5.25
6,9.7,7.5
6,8.9,7.25
6,9.3,7.75
6,8.9,7.75
6,8.7,7
6,8.6,10
6,8.8,10
6,9.7,10
6,9.5,8.75
6,8,4.5
6,9.5,7.5
6,8.2,7.25
6,8.3,6
6,8.6,8.25
6,7.6,9.5
7,7.6,10
7,6.8,8.5
7,6.2,10
7,5.6,9.5
7,4.6,10
7,5.4,9
7,4.5,9
7,5.5,9.5
7,6.4,7
7,7.4,5.75
7,4.2,6
7,6.3,6.5
7,4.4,10
7,6.8,6.75
7,6.2,10
7,5.6,9
7,5.2,10
7,7,9
7,6.4,8.25
7,5.8,10
7,5.9,8.25
7,5.1,7.25
7,5.5,5.75
7,4.5,9
7,6.3,7.25
7,4.6,7
7,3.2,6.75
7,8.1,8.75
7,6.1,8.5
7,6.3,10
7,6.7,10
7,6.1,9
7,6.7,9.75
7,5.8,8.5
7,4.9,7
7,6.8,7
7,4.4,9.75
7,5.4,7.5
7,6.1,8
7,7.9,7.25
7,7,8.75
7,5.2,10
7,7.4,6.5
7,5.4,4.5
7,6,8.75
8,6.7,8
8,6.6,7.75
8,6.3,7.75
8,7,8.5
8,5.1,6.5
8,8.5,10
8,6.4,9.75
8,5.8,6
8,5.6,6.25
8,6.9,9.5
8,6.9,10
8,6.7,6.25
8,6,10
8,5.3,8.25
8,8.1,9
8,6.8,5.75
8,7.1,10
8,4.9,8.5
8,6.7,10
8,6.8,8
8,5.5,3.75
8,7,10
8,8.2,7.5
8,7.2,6
8,6.8,9.25
8,6.8,10
8,6,7.25
8,8.1,10
8,8.8,10
8,6.9,7.25
8,5.8,4.5
8,6.8,10
8,5.6,8.5
8,5,6.25
8,6.1,10
8,7,10
8,5,6
8,6.9,10
8,5.3,6.75
8,5.3,7.25
8,7.4,10
8,5.2,10
8,6.5,8.25
8,7.4,7.75
8,7.1,9.75
9,1.5,5.75
9,3.6,5
9,0,2.25
9,2.3,8.25
9,1.6,7
9,1.9,6.5
9,1,6.75
9,2.8,7
9,3.5,5.5
9,2.5,6.75
9,0.6,7.5
9,2.5,8
9,0,6.75
9,2.9,4.5
9,2.7,7.25
9,0.2,7.5
9,0,7.5
9,3,7.25
9,3.9,6.75
9,0.2,2
9,2,6
9,3.5,6.75
9,3.2,5.5
9,3.4,8.25
9,3.3,10
9,1.9,5.5
9,1.6,3.25
9,2.2,9.5
9,1.6,10
9,2.5,1.5
9,2.4,5.75
9,1.6,4.5
9,2.5,9.25
9,2.4,4.75
9,0.7,6.5
9,2.4,6.5
9,1.9,6
9,3.3,9.5
9,3.2,5
9,1.9,7.25
9,1.5,7.75
9,0.8,7.25
9,2.3,6.75
9,1.1,9.25
9,3.3,6.75
10,2.5,5.75
10,2.5,6.5
10,1.7,9.75
10,1,10
10,1.8,4
10,1.6,8.75
10,3.2,5.75
10,3.7,9.75
10,3.5,8.5
10,2.9,10
10,3.4,10
10,2.5,8.75
10,4,10
10,4.1,3
10,2.5,9.75
10,4.1,7
10,0.9,7.75
10,2.5,8.75
10,3.1,9.25
10,1.9,9.75
10,2.7,10
10,1.7,6.75
10,2.9,8.5
10,3.3,7.25
10,2.7,10
10,3.6,9.25
10,3,10
10,2.7,7.5
10,2.5,8.75
10,2.5,7
10,3.5,7.25
10,3.9,8
10,2.4,9.5
10,2.2,9.5
10,2.6,8
10,4.5,10
10,5.4,10
10,1.8,3.75
10,2.6,6
10,2.4,8
10,3.6,10
10,2,4.75
10,3.2,8
10,3.2,8.75
10,4.4,6.75
11,4.3,6.25
11,4,3.75
11,4,4.75
11,3.8,5.75
11,2.6,5.25
11,3,2.25
11,4,7.5
11,3.9,6.25
11,2.6,8
11,6.1,10
11,5,5.5
11,4.7,9.25
11,3.6,8.75
11,3.5,5.5
11,3,5.25
11,2,7
11,2,6
11,4.2,6.75
11,4.2,8
11,3.4,7.25
11,3.3,6
11,4.1,8
11,4.7,5.5
11,3.6,10
11,3.4,7
11,1.6,9
11,4.7,6.25
11,4.7,7.5
11,3.6,4.5
11,2.5,9
11,2.5,9
11,5.4,6.75
11,3,7
11,3.4,1.5
11,3.6,9
11,3.2,6.5
11,2.7,4.75
11,3.5,4.5
11,5.2,7.75
11,3.2,7.5
11,4,6.5
11,2.5,7
11,4.3,5.75
11,5.2,5.75
11,2.9,5
12,7.1,4.25
12,7.3,8
12,8.9,10
12,7,8.25
12,8.1,6.5
12,6.1,6
12,6.7,7.5
12,7.9,6
12,7.9,6.75
12,7.8,7
12,5.8,7.75
12,7.6,4
12,6.5,7.25
12,7.2,7.5
12,9.3,7.25
12,8.6,7
12,7.6,5.25
12,7.4,6.75
12,6.9,8
12,5.1,6.75
12,7,6.25
12,5.5,10
12,5.6,5
12,6.1,5
12,8.6,8.5
12,7.2,6.5
12,8,4.25
12,7,7
12,6.6,7.25
12,5.1,7.5
12,7.3,7
12,6.2,7.25
12,6.8,6.75
12,8.2,8.5
12,8.2,10
12,9.1,6
12,7.1,7.5
12,6.6,6.75
12,7.7,4.75
12,9.6,6.75
12,6.8,8.25
12,7.7,6.5
12,6.5,5.5
12,7.1,7
12,7.4,4.75
13,2.2,6.75
13,4.2,8.5
13,2.2,1.5
13,3.4,9.5
13,2.5,7.75
13,3.2,5.75
13,3.4,3.75
13,1.9,5.5
13,3.1,5.5
13,3.9,7.5
13,1.6,5.5
13,0.9,4.75
13,2.6,6.75
13,4.4,10
13,5.3,7.25
13,3,6.5
13,3.9,7.25
13,3.3,9.5
13,0.5,6
13,3,8
13,4.2,6.5
13,2.9,5.75
13,3.4,7.75
13,1.9,2.5
13,2.9,7.5
13,3.3,4.25
13,2.4,8.25
13,2.6,10
13,3.5,6.5
13,2.5,5.5
13,2.1,6.5
13,3.6,6.5
13,3.5,4.75
13,5,7
13,4.2,8.25
13,4.4,9.5
13,2.4,5.75
13,1.4,6.75
13,2.7,6.5
13,2.6,9.75
13,3.5,6.5
13,2.9,8.25
13,2,2.5
13,3.1,9.5
13,4.2,6.5
14,3.4,3
14,4.9,9
14,3.9,6.5
14,4.6,9.5
14,5.1,5.5
14,4.5,5.75
14,4.9,9.25
14,4,10
14,5.7,4.5
14,4.9,7
14,4.9,8.25
14,4.9,10
14,4.9,8.25
14,5.8,7
14,3.7,8.5
14,1.9,8
14,4.1,10
14,2.1,8.5
14,4.2,5.75
14,3.1,4
14,4.9,6.25
14,3.8,7
14,4.2,10
14,4.7,4
14,4.9,8.75
14,4,6.25
14,2.6,6.25
14,2.4,6.5
14,4,7
14,3.4,8.75
14,3.8,5.5
14,6.5,10
14,2.4,7
14,4.1,10
14,3.9,5.75
14,4.7,9.75
14,5,7.5
14,3.4,9.75
14,3.5,6.75
14,2.6,7.75
14,3.9,10
14,4.7,5
14,4.9,10
14,4.6,8.25
14,3.5,9
15,2.4,10
15,0.5,5
15,2.6,8.75
15,1.8,10
15,1.8,9.5
15,2.5,10
15,2.4,5.5
15,3.9,8.5
15,2.8,6.5
15,0.8,9
15,2.1,8
15,0.9,7
15,2.2,1.25
15,2.6,9.5
15,1.1,8.75
15,0.9,9.25
15,2.9,6.75
15,1.9,7.75
15,2.7,9
15,2.3,7
15,4,3.5
15,2.4,7
15,2,4.75
15,1.1,6.25
15,2.7,6.5
15,2.2,6.25
15,3.9,8.25
15,1,6.5
15,1.4,6.25
15,2.8,8
15,2.7,8.25
15,1.3,7.25
15,2.9,7.5
15,2.3,9.5
15,0,6.25
15,0.2,4
15,2.1,6
15,1.9,10
15,3,4
15,2.7,6.75
15,4,6.5
15,2.4,4.75
15,1.3,8.25
15,0.8,8.75
15,3.2,5
16,8.4,10
16,7.4,8.5
16,8.9,10
16,8.2,8
16,8.5,8.25
16,7.8,10
16,8.3,10
16,5.8,4.75
16,8.1,10
16,6.9,7.75
16,9.6,7.5
16,9.2,8.75
16,6.8,8.75
16,6.2,8.75
16,7.7,9
16,5.8,8.75
16,9,8.25
16,6.6,6
16,8.7,10
16,8.1,9
16,7.4,6.5
16,7.7,10
16,6.7,10
16,6.7,7.5
16,8.6,7.25
16,7.6,7.5
16,7.7,10
16,6.3,5.75
16,7.5,9.25
16,6.7,4.25
16,6.1,6.5
16,6.6,7.75
16,7.3,9.5
16,7.5,9.75
16,6.2,9
16,6.5,7.5
16,7.4,7
16,6.4,6.5
16,6.7,7.25
16,8.7,8.25
16,7.8,8.5
16,6.9,7.75
16,7.1,6.75
16,7.1,8.75
16,8.4,9
17,4.5,8.5
17,3.2,5.75
17,3.5,9.25
17,3.8,5.25
17,4.3,9.25
17,3.5,8.25
17,5.5,6.5
17,4.8,8
17,2.8,8.5
17,2.8,10
17,3.8,8.25
17,3.1,5.75
17,4.9,7.75
17,2.4,5.25
17,4.4,9.25
17,3.2,4
17,4.7,7.75
17,4.1,7.75
17,3,9.75
17,3.6,9
17,2.4,9.25
17,3,9
17,3.9,10
17,4.7,10
17,3.4,9.25
17,3.4,7.75
17,2.5,10
17,2.4,10
17,4.5,9.75
17,5.6,10
17,3,8
17,3.7,7
17,2.6,7.5
17,2.3,7
17,3.9,9.25
17,4.2,7
17,6.4,10
17,2.4,5
17,4.9,7.25
17,5.8,9.25
17,3.9,8.75
17,4,6
17,3.8,8.25
17,4.6,9
17,2.1,7.25
18,4.7,5.25
18,4.6,6.75
18,5.4,6.5
18,4.4,7.75
18,3.2,3.5
18,4.3,8
18,4.4,7.5
18,4.5,7
18,2.8,8
18,5.4,3.5
18,2.6,5.5
18,4.8,8.25
18,5.9,7
18,4.8,5.5
18,3.2,5.25
18,5,5.25
18,4,5.5
18,3.2,5.5
18,3.9,7.5
18,4.2,8.5
18,3.9,6.25
18,3.9,4.5
18,3.8,8
18,6.5,9
18,5,6.25
18,3.9,4.5
18,3.4,7
18,5.5,6
18,5.4,8.5
18,5.7,10
18,4.9,5.25
18,3.1,6
18,4.7,7.75
18,5.1,6.5
18,4.9,6.25
18,4.4,5
18,3,8.25
18,3.3,5.75
18,4.1,6.25
18,4,8
18,5.2,6.75
18,4.5,8.25
18,3.5,9.75
18,4.7,7.75
18,4.2,3.75
19,0,4
19,1.3,6
19,0.9,5.75
19,2.6,10
19,1.1,5
19,0.9,3.25
19,1.5,8
19,1.3,9.75
19,1.1,3.75
19,1.6,4.5
19,2.8,5.25
19,2.6,1.25
19,1.1,4.75
19,0.5,2.25
19,2.1,7.25
19,0,5.75
19,1.5,6.5
19,0.5,6
19,1.9,4.75
19,0.3,6
19,1.3,8.25
19,0.3,2.25
19,1.8,9.75
19,1.2,4.25
19,3.2,5
19,0.9,2.75
19,1.2,4.75
19,2,6.75
19,3.2,7.5
19,0.8,6.75
19,0,8.75
19,1.7,8.25
19,2.1,6.5
19,2,6
19,0.8,4.25
19,0.2,6.25
19,0.7,4
19,0.4,7
19,0.9,3.25
19,1.4,6.75
19,1.9,5
19,1.7,5.5
19,2.7,9
19,1.7,4.75
19,1.8,7.25
20,7.3,8.25
20,4.8,5
20,5.7,5.5
20,5.1,7.25
20,5.7,6.75
20,5.9,4.75
20,6.9,4.25
20,5.6,6.25
20,5.4,2.5
20,6.1,5.5
20,5.2,4
20,6.8,10
20,6.4,5
20,7.3,5.25
20,7.9,6.25
20,7.3,6.5
20,6.2,4.5
20,6.9,8
20,6.6,9.25
20,8.5,7.5
20,8.7,8.5
20,6.8,5.75
20,5.6,4.75
20,7.7,9.25
20,7.2,5
20,5.5,8.5
20,6.1,1
20,6.7,9
20,5.1,6.25
20,5.9,4.75
20,7.5,8.5
20,7.4,10
20,5.5,7.5
20,5.9,5.75
20,7.3,7
20,7.9,5.75
20,5.7,4.75
20,7.3,7.5
20,7.4,9.25
20,6.9,8.25
20,5.8,6
20,4.8,6
20,5.8,4
20,6,5.25
20,7.4,8.5
21,3.7,6
21,2.4,8.25
21,4.6,10
21,4.5,7.5
21,3,7
21,2.5,6
21,3.5,8
21,3.3,5.25
21,3.9,7.25
21,4,5.75
21,4.5,7.25
21,3.8,6.25
21,2.9,9.25
21,4.3,8
21,5.1,7.75
21,2.1,5.75
21,4.2,7.5
21,4.4,10
21,4.2,7.5
21,2.9,7.75
21,3.4,10
21,2.2,7.5
21,4.4,7.25
21,1.8,8.5
21,3.9,9.25
21,4.1,4.75
21,3.4,7
21,5.2,4.75
21,2.5,5.5
21,4.1,8.5
21,5.1,6.75
21,5.7,9.5
21,5.8,8.75
21,4.2,7.75
21,5.4,6
21,2.3,8
21,3.6,9.5
21,3.5,10
21,2.7,8.75
21,1.8,6.25
21,2.3,4.75
21,3.1,5.5
21,2.1,7.25
21,4.6,5.5
21,5.4,7.75
22,3.7,9.75
22,2.3,4.5
22,5.2,7
22,2,5.25
22,2.9,7.5
22,1.2,6.5
22,4,8
22,3.5,5.5
22,3.5,7.75
22,3.4,8.5
22,2.7,3.25
22,3.4,6.25
22,4,8.25
22,3.5,8.25
22,3.6,8.5
22,4.3,6
22,5.2,9.75
22,3.7,6.5
22,4,4.75
22,0.5,4
22,4.6,7.75
22,3.6,7.75
22,4.8,10
22,4.6,8
22,3,5.25
22,3.6,4.75
22,4.3,10
22,4.5,6.25
22,1.9,3.5
22,2.9,6.5
22,4.3,8.5
22,2.2,5.5
22,3.3,9.75
22,3.2,4.75
22,4.9,7.5
22,3.2,10
22,5.4,5.5
22,3,6.25
22,4,9
22,2,4.75
22,2,7.75
22,4.7,8.5
22,5.4,9.5
22,2.5,5.25
22,2.5,1.5
23,2.4,8.75
23,2.9,8
23,2.5,7.75
23,2.5,6
23,3.9,6.5
23,2.2,8.25
23,1.3,2.75
23,2.6,8.25
23,2.4,7
23,2.4,6.25
23,2.9,7.25
23,3.1,8.25
23,2.7,4.25
23,2.7,6.5
23,4.1,6.25
23,5.5,10
23,1.7,8.5
23,2.8,8.75
23,2.3,5
23,3.5,8.25
23,2.6,4.5
23,3.6,9.5
23,2.8,9.75
23,4.2,8.5
23,4.1,10
23,5,7.25
23,2.8,5
23,2.4,7.25
23,3.1,3.5
23,3.7,8.5
23,2.5,4.25
23,2.2,4.25
23,3.9,6.5
23,3.7,7.75
23,2.6,3.75
23,2.5,8
23,3.9,9.25
23,3.4,4.75
23,2.3,5.5
23,3.4,10
23,4,5.25
23,3.3,8.75
23,4,7.75
23,5.3,8.25
23,2.7,4.25
24,2.8,9.25
24,1.2,10
24,2.2,8.5
24,1.8,9.5
24,3.2,9
24,1.5,7
24,0.8,7.75
24,1.9,8.5
24,2.4,6
24,0.1,5.25
24,1.1,9
24,2.7,7
24,-0,8
24,1.4,8.25
24,2.5,9
24,1.4,9.25
24,1.5,4.5
24,2.3,7.75
24,3.4,10
24,0.7,4.25
24,0.2,7.75
24,1.3,7
24,1,8
24,2.2,3.25
24,0.6,6.5
24,0.5,5
24,0,7.5
24,2.9,7.5
24,2.6,5.5
24,3.3,8
24,1.2,7
24,2.9,10
24,1.6,7
24,3.3,8.75
24,2.6,6.25
24,2.6,9.5
24,1.1,6.75
24,3.8,10
24,2.2,9.5
24,3.7,7.75
24,2.2,5.25
24,3.7,10
24,2.8,8.5
24,0,10
24,1,7
25,5.4,5.75
25,6.9,5.25
25,5.5,3.25
25,6,7
25,6.7,8
25,6.1,3.25
25,5.1,7.25
25,7.4,7.25
25,6.7,4.5
25,5.1,4.75
25,4.7,6.25
25,5,7
25,5.7,5
25,5.3,5.5
25,5.5,4
25,6.4,7.75
25,5.4,5.25
25,5.8,5.75
25,5.8,4.25
25,4.3,6.25
25,5.5,3.75
25,5.9,5
25,5.3,4.5
25,7.4,2.5
25,7.2,6
25,6,7.5
25,6.4,10
25,6.6,6.25
25,5.4,3.75
25,6.1,5.25
25,5.4,6.5
25,6,5
25,6.3,3
25,5.1,3.5
25,4.1,5
25,6,7.75
25,6.4,6.25
25,3.3,8.5
25,7.8,5
25,6.9,7.75
25,7.3,7.5
25,5.9,6.75
25,7.2,4.75
25,5.2,3.75
25,7.1,5.5
26,5.7,8.5
26,6.9,3.25
26,6.8,7
26,5.8,4.75
26,6,5.25
26,5.6,5
26,5.7,5.75
26,6.3,4
26,7.4,4.75
26,5.8,6.25
26,5.7,7.25
26,7.6,7.5
26,8,2.75
26,6,6
26,7.5,3.5
26,5.7,7
26,7.3,6.5
26,7,6.75
26,6.4,4.25
26,8.2,6
26,8,5
26,6.1,5
26,7.4,3.25
26,8.6,6
26,7.1,5.25
26,8.6,8.25
26,6.8,4
26,6.2,7.75
26,5,2.25
26,7.5,3.5
26,5.3,1.5
26,7.2,7.25
26,6.1,8.25
26,7.3,6.5
26,6.3,5.75
26,7.7,6.25
26,6.1,3
26,5.1,8.5
26,5.8,7.25
26,5.7,5.25
26,7.4,7.75
26,7.7,6.25
26,7.1,6.25
26,6.9,2.75
26,7.9,6.5
27,7.8,4.5
27,8.3,2.75
27,8.2,3
27,8.8,3.25
27,9.2,5.75
27,7.8,4
27,8.2,5
27,7.2,5.5
27,8.6,6
27,6.9,1.25
27,7,2
27,9.1,5.5
27,8,4.25
27,7.6,2.5
27,8.3,1
27,6.5,7.25
27,6.8,4.5
27,7.8,2
27,7.3,7.75
27,6,8.75
27,8.5,5.5
27,7.3,5.5
27,6.7,4
27,6.4,3.75
27,6.9,7.25
27,7.5,5.5
27,7.5,6
27,7.5,5.25
27,8.6,4.25
27,7.2,5.75
27,7.3,3
27,7.8,6.25
27,5.8,4.25
27,8.6,7
27,9.7,4
27,7.2,4.75
27,7.6,4.75
27,8.5,2
27,8.8,5.25
27,7.8,6.25
27,6.6,6.25
27,6.9,3
27,6.4,4.5
27,6.5,3.25
27,7.2,6
28,4.3,6
28,2.4,7.5
28,1.2,4.75
28,3,10
28,3.1,9.75
28,2.6,6.25
28,2.5,9.75
28,1.9,7
28,3.7,7.25
28,1.5,5.25
28,2,9
28,1.6,5.75
28,2.1,4.75
28,1.9,6.5
28,2.7,4.25
28,2.2,10
28,3.4,7.25
28,2.3,5.25
28,2.9,5.5
28,2.6,7
28,1,6.5
28,3.2,9
28,3.1,7.25
28,4,6.75
28,3.2,4.5
28,3.8,7.25
28,1.3,6.75
28,3,4
28,2.6,6.25
28,1.2,4.5
28,3.7,7.75
28,3.5,5.25
28,2.8,8.75
28,2.7,8
28,5.1,5.75
28,2.5,3.75
28,1.6,4.75
28,3.4,7
28,3.2,9.5
28,3.3,8.25
28,2.9,7.75
28,2.2,7.75
28,1.6,6.5
28,2.6,2.25
28,3.5,5
29,4.4,6.25
29,5.4,5.25
29,2.6,5.75
29,4.8,3.5
29,6.1,6.25
29,5,6
29,6.5,6
29,3.4,8.75
29,6.8,6
29,4.8,5.5
29,4.2,7.5
29,5.5,6.75
29,5.6,8.5
29,4.1,6.25
29,6.4,5.25
29,5.1,6
29,4.1,3.75
29,3,5.25
29,5.1,6.25
29,6.9,2.5
29,4.3,5.5
29,5,4.5
29,5.8,7.75
29,7.1,9.75
29,3.9,2.5
29,5.2,8
29,3.3,9.75
29,4.2,9
29,5.5,7.75
29,5.5,8.25
29,4.6,5.25
29,6.1,7.25
29,4,7.5
29,4,8.75
29,6,7.5
29,4.8,4.5
29,5.2,10
29,6.1,3.5
29,4.8,7.5
29,4.8,6.25
29,4,7
29,4.9,7
29,3.8,3.5
29,5.6,10
29,5,5.75
30,7.4,10
30,5.1,6.5
30,6.4,9.75
30,6.5,7.25
30,6.5,8.5
30,4.8,10
30,5,6
30,5.6,8
30,4.6,8.25
30,6.7,10
30,5.7,4.75
30,8.1,7.75
30,4.8,7.25
30,6.6,7.25
30,6.3,6.25
30,6.9,6.75
30,7.9,9.75
30,5.8,10
30,5.3,10
30,5.8,9.75
30,5.9,8.75
30,6.9,9.25
30,7.7,9
30,5.7,6.25
30,6.7,9.25
30,8,7
30,7.8,9.5
30,7.1,7.75
30,6.2,7.75
30,7,8.25
30,7.6,9
30,7,7.5
30,5.4,5.75
30,6.6,10
30,6.7,9
30,7.5,6.5
30,4.4,4.75
30,4.9,8.25
30,5.7,10
30,5.2,6.5
30,5.8,8
30,5.6,8.25
30,7.2,9.75
30,7.2,5
30,6.6,8.25
31,6.1,10
31,3.9,5.5
31,7.1,9.5
31,7.9,9
31,6.8,9.5
31,7.2,5.5
31,5.4,9.25
31,6.4,8.5
31,5.3,4.75
31,5.6,9
31,5.8,7
31,7.6,8.25
31,6,10
31,5.2,9.25
31,6.6,5
31,6.3,5.5
31,4.8,9
31,6.2,8.25
31,6.1,5.5
31,7.6,9.5
31,5.6,10
31,7.2,8
31,6.6,7
31,5.5,4.5
31,7,5
31,7.1,7
31,6.1,5.25
31,5.8,7.5
31,6,10
31,6.5,8.75
31,6.3,6.75
31,5.1,9.75
31,5.7,6.75
31,6.5,10
31,5.9,8.5
31,6.1,5.75
31,6.5,8.25
31,6.4,9.25
31,7,8.5
31,6.3,6.5
31,6.7,8.5
31,7.9,10
31,6.9,7
31,4.3,5.25
31,6.7,9.75
32,3.3,5.25
32,4.2,7
32,4.9,7
32,6,5.75
32,6.6,5.75
32,5,7.5
32,6.6,8.75
32,5,7.75
32,5.7,10
32,4.5,9
32,5.7,4.75
32,4.4,5.75
32,6.1,4.75
32,6.5,7.25
32,5.8,6
32,5.7,7
32,7.2,6
32,5.8,9.75
32,4.5,8
32,4.8,5.75
32,6.1,5.25
32,4.5,6.75
32,6,6.25
32,5,7.5
32,5,8.5
32,5,7.25
32,4,4.75
32,6.8,7.5
32,5.7,7.75
32,5.4,3.25
32,6.1,8.5
32,5,10
32,3.6,4.75
32,6.2,6.25
32,5,5.5
32,5.2,8.25
32,5.3,8.5
32,2.8,6.75
32,7,4.75
32,4.2,6.75
32,4.8,9.5
32,5.9,4.25
32,4.2,6.25
32,6,4.75
32,4.4,6.75
33,7.7,8.25
33,8,5.25
33,8.8,6
33,8,8.75
33,8.5,2.5
33,7.5,4.75
33,9.5,4.25
33,9.7,4.5
33,10.1,5.75
33,7.4,7.25
33,8.5,2.75
33,8.3,5.25
33,7.5,3.75
33,9.5,4.25
33,10,8
33,7.9,6
33,8.6,3.5
33,10,6.25
33,8.7,7
33,9.5,9
33,9.2,3
33,8.8,9.25
33,8.6,6.75
33,9,6.75
33,10.3,6
33,9,7.5
33,8.9,8
33,7.3,7.25
33,7.7,6.5
33,7.8,4
33,11.6,7
33,8.3,2.5
33,10.3,5.75
33,8.8,4.5
33,9.3,8.5
33,9.4,4.75
33,10.2,4.75
33,9.3,9.5
33,9.3,5.25
33,6.6,4
33,8.6,5
33,8.3,4
33,9.6,4.75
33,10.5,9
33,7.6,5
34,6,6.75
34,5.3,7.75
34,7,10
34,7.8,7.25
34,8.1,9.75
34,5.9,7.75
34,4.3,7
34,6.7,6.5
34,7.5,3.75
34,6.2,7
34,7,10
34,6.6,7.5
34,5.7,6.5
34,7,4
34,6.9,7
34,7.3,9.75
34,5.2,8.5
34,7.3,9.75
34,4.8,8.5
34,7.3,8
34,6.9,6.25
34,5.3,8.5
34,7.4,7.25
34,6.7,6.25
34,8,10
34,5.4,6
34,5.1,5.25
34,7.2,9.5
34,7.2,6.5
34,6.1,3.75
34,5.4,7.25
34,3.9,5.5
34,6,7
34,6.9,3.5
34,5,7
34,4.6,8.75
34,5.6,7.25
34,7.5,4.75
34,5.7,6.5
34,6,9.5
34,6.1,9
34,6.6,10
34,7.1,8.75
34,7.2,6.75
34,6.9,10
35,7.6,7.5
35,6.6,8.25
35,8.1,8.25
35,8.7,8.25
35,6.9,9
35,7.5,10
35,8.9,9
35,8.6,9
35,11.2,5.5
35,8.7,8.5
35,7.5,7
35,8.2,10
35,9.1,7
35,9,8.75
35,8.6,10
35,6.7,10
35,8.8,6.5
35,8.3,7.25
35,7.8,2
35,9.2,10
35,7.8,8
35,7.6,10
35,9.6,10
35,9.9,8.75
35,8.5,5
35,7.2,6.5
35,9.7,6.75
35,10.3,9.75
35,7.7,7
35,8.2,5.25
35,7.1,7.25
35,6.9,5.5
35,8.4,8.5
35,8.4,4.25
35,8.4,8.5
35,8.5,5.5
35,7.1,2.75
35,8.2,9
35,8.6,8.75
35,8.6,5.5
35,7.9,7.25
35,10.7,7
35,9.3,9
35,11.2,10
35,8.2,10
36,6.1,3.75
36,8.3,6.75
36,8.1,8.25
36,8.1,5
36,7.3,7.25
36,7.5,5.5
36,8.4,5.25
36,9.6,8.5
36,9.8,6.75
36,8.9,5.5
36,7.1,8
36,7.9,5
36,8,4.75
36,8.4,5
36,9.2,5.5
36,9.3,7.5
36,8.3,5.5
36,8.1,7
36,9.1,6.5
36,8.7,6.5
36,7.4,4.5
36,8.7,8.25
36,5.7,7
36,8,4.25
36,9.4,9
36,8.7,10
36,8.8,5.25
36,9.3,7.5
36,6.9,5.5
36,7.7,6.25
36,7.9,4.5
36,8.4,5
36,7.4,4.5
36,7.8,5.25
36,9.7,7
36,7.1,6
36,6.8,3.75
36,7.7,9.25
36,7.4,7.25
36,7.4,3.75
36,9.2,6.25
36,8.9,6.25
36,6.8,6.75
36,6.6,3.5
36,7.8,5
37,6.9,7
37,8,6.25
37,7.4,6.75
37,9.1,4.5
37,10,5
37,7.7,5.5
37,7.1,5.75
37,8.3,1.25
37,8.6,5.75
37,9.4,5.25
37,8.4,6
37,7.9,5.5
37,9.1,5
37,9.5,2.75
37,7,7.75
37,7.7,4.5
37,8.7,9.5
37,7.4,3.75
37,8.3,7.25
37,6,6.5
37,6.1,7.25
37,7.8,5.5
37,8,5.25
37,8.1,4.5
37,8.3,9.25
37,9.5,4
37,9.6,7.25
37,6.5,5.75
37,8.4,7.25
37,8,7.75
37,7.1,7.5
37,8.9,10
37,5.4,6.25
37,6.5,9
37,7.7,9
37,6.7,5.75
37,6.9,5
37,7.3,6.25
37,7.7,6.75
37,6.5,2.75
37,5.1,3
37,6.8,3.5
37,9.2,5.75
37,7.7,3.5
37,9.4,8.75
38,8.5,5.25
38,8.3,6.25
38,9,6.75
38,9.1,10
38,9.8,8.5
38,9.1,7.75
38,8.5,7.25
38,8,8
38,8.7,8
38,8.3,7
38,7,2
38,7.8,6.75
38,9,8
38,8.5,3.5
38,10,5
38,9.1,8.5
38,7.8,10
38,6.8,7
38,9.7,9.75
38,8.4,7
38,8.6,4.5
38,7.9,9.75
38,8.3,3.25
38,7.3,6.25
38,8.9,9.25
38,8.5,7.75
38,8,4.75
38,7,10
38,8.9,6.5
38,7.8,6.5
38,8.2,2.5
38,9.2,8.75
38,9,9.25
38,8.4,7
38,8.3,6.25
38,8.1,6.75
38,8,9
38,7.7,5
38,8.6,7.5
38,8.2,6.25
38,9.1,9.75
38,8.5,8.5
38,8.2,8.25
38,7.7,7
38,8.7,9.25
39,2,10
39,0.3,6
39,1.1,8.75
39,3.9,8.25
39,1.1,4.25
39,2.5,4.75
39,1.7,10
39,3.8,7.75
39,2,7.5
39,3,7.5
39,2.2,8.25
39,2.2,3.75
39,1.8,3.75
39,2.7,6.25
39,1.2,8.25
39,0.2,6.75
39,4.8,9
39,1.8,5.25
39,1.9,5
39,1.7,10
39,3.4,7
39,4.4,9
39,0.1,8.25
39,4.2,7.25
39,2.7,7
39,1.1,4.75
39,3.1,7.25
39,0.8,9.25
39,2.9,8.75
39,0.9,8.25
39,3,6.75
39,3.5,5.75
39,3,9.25
39,3.1,6
39,3.2,3.75
39,2.6,4.5
39,1.9,4.25
39,1.9,5.75
39,1.5,9.25
39,2.3,6.5
39,3.5,8.25
39,0.7,9
39,0.3,4.75
39,1.5,10
39,2.8,5.25
40,2.2,4.75
40,4.2,7.75
40,2.7,5.25
40,5.2,10
40,3.5,3
40,3.5,8.25
40,3.1,8
40,3.6,6.25
40,5.3,10
40,2.3,9.5
40,1.7,2
40,0.1,5.75
40,1.7,2.5
40,1.4,4.75
40,1.3,7
40,3.4,6.25
40,2.3,4
40,3.8,7
40,2.6,7.5
40,4.7,6.75
40,3.1,5.75
40,3.7,6
40,1.9,6
40,2.3,4.75
40,3,4.25
40,2.4,8
40,3.5,6.25
40,2.6,5
40,2.7,10
40,1.7,7.75
40,1.9,3
40,2.9,5.5
40,2.2,7
40,1.7,5.5
40,2.9,8.25
40,2.6,5
40,3.5,5
40,4.2,2.25
40,1.8,8
40,2.9,7.75
40,1.7,7.75
40,3.6,4.5
40,3.1,4.25
40,2.9,5.25
40,2.8,9.75
41,10.3,8
41,8.2,4.75
41,8.3,8.5
41,9.5,3.75
41,10.3,6
41,8.7,10
41,9.8,3
41,8.3,7.5
41,8.6,7.75
41,7.1,7
41,9,7.5
41,6.9,5.5
41,8.8,4.25
41,7.4,3.25
41,9.1,6
41,6.9,4
41,9.1,4.5
41,9.1,5.75
41,8.1,7.25
41,7.5,7
41,8.8,5
41,9.3,6.25
41,8.1,5.5
41,8,4.75
41,8,4.5
41,7.3,5.5
41,8.9,6
41,8.2,7.25
41,9.4,10
41,8.6,7.25
41,8.6,5.75
41,8.3,5.75
41,7.3,8.75
41,8.1,7.5
41,9.1,7.5
41,8,6.25
41,8.2,7.25
41,7.5,4.5
41,8.4,9
41,8,5.25
41,8.7,6.25
41,8.2,6
41,5.4,5
41,7.9,4.25
41,8.2,7.25
42,5.9,8
42,7.5,5
42,6.8,7.25
42,7,1.5
42,7,4
42,5.6,3.5
42,5.6,4.5
42,6.1,2.25
42,5.9,6
42,7.2,3.75
42,7.6,5.25
42,8.5,7
42,6.2,4.75
42,7.4,4.5
42,7.3,5.25
42,6.9,8.5
42,7.5,3.5
42,8.1,5.5
42,7.1,6.5
42,6.6,4.25
42,7.6,10
42,7.4,5.25
42,9,6
42,8,1
42,5.9,2.25
42,7.5,4.25
42,7.5,6.5
42,6.2,3.5
42,8,7.75
42,6.7,8.75
42,7.6,9.25
42,6.8,2.25
42,7.5,5.5
42,6.7,5
42,7.4,5.5
42,7.1,4.5
42,7.2,5.75
42,6.8,3.25
42,6.9,3.75
42,7.3,3.5
42,8.8,6.75
42,7.5,7.75
42,7.2,6.25
42,5.6,8.5
42,6.2,4.75
43,5.4,7.75
43,6.3,10
43,5.2,9.75
43,4.2,10
43,2.8,7.75
43,3.5,7.5
43,4.4,10
43,2.8,9
43,5.3,7.5
43,4.5,8.75
43,5.2,9.25
43,5.9,10
43,4.6,8
43,5.3,7
43,3.4,9.5
43,4.5,10
43,4.6,9.25
43,4.1,9.75
43,3.7,10
43,2.7,9.5
43,4.1,10
43,2.5,6.75
43,4.4,8.5
43,5.8,10
43,4.1,8.25
43,3.6,9
43,5,9
43,4.4,7.75
43,3.2,8
43,2.6,6.25
43,8.5,10
43,4.3,8
43,4.7,10
43,4.5,5.25
43,4.1,9.5
43,4.8,10
43,3.1,6.75
43,4.4,9.25
43,3.5,8
43,5.1,8.5
43,3.9,10
43,6,10
43,3.1,7
43,5,10
43,4.9,9.75
44,1.5,6.25
44,2.2,7.5
44,4.2,8
44,3.6,8
44,3.1,9
44,5,5.25
44,2.6,5.5
44,3.3,10
44,3.1,8
44,3,6.5
44,2.8,7.25
44,4.4,8.25
44,2.2,7.25
44,2.9,6
44,2.7,10
44,4.1,6.75
44,3.6,9.75
44,5.3,6
44,4.6,2.25
44,2.2,9.5
44,3.7,6.5
44,2.7,7
44,2,6.25
44,3.6,8.25
44,2.5,4
44,4.7,10
44,3,6.5
44,4.5,7.5
44,3.1,5.5
44,2.5,8.5
44,3.6,5.75
44,2.8,5.25
44,2.2,8.75
44,3.5,6.5
44,2.7,5
44,2.7,4.25
44,2.2,6
44,4.3,8.75
44,1.6,6
44,2.4,3.75
44,3.5,9.75
44,3.3,8.25
44,1.6,4
44,3.2,4.25
44,4,7.25
45,3.2,8.75
45,1.6,6
45,0.1,7.75
45,3,4.75
45,0.7,8.75
45,1.8,9.75
45,1,10
45,0.3,5.75
45,1.4,5.5
45,0,6.75
45,1.8,8.25
45,0,7.5
45,0,10
45,0.7,10
45,0.3,8.5
45,0.6,7.75
45,1.5,9.75
45,1.5,10
45,3.3,8
45,1.2,9
45,1.6,10
45,2,6.75
45,1.1,10
45,0.8,9.25
45,2,10
45,1,6.75
45,0.8,10
45,1.1,7
45,0.7,10
45,0,8
45,1,9.25
45,1,8.75
45,1.6,8
45,0.5,10
45,0.1,8.75
45,0.1,7.25
45,2.6,7.75
45,3.1,9.75
45,0.4,10
45,0.8,7.25
45,2.1,9.5
45,1.1,7.75
45,0.9,5.75
45,0,6.25
45,0.7,7.75
46,6.2,8.5
46,7,3
46,4.4,2.75
46,6.8,5.5
46,7.8,4
46,8,3.5
46,6.2,2.5
46,5.1,4.5
46,5.9,5.5
46,6.1,2.5
46,5.6,6.25
46,5.4,4
46,5.6,4.25
46,5.3,2.25
46,6.3,4.75
46,6.5,2.25
46,6.2,5
46,6.8,4.75
46,5.7,4.25
46,8.1,5.5
46,5.1,3.75
46,6.6,4.5
46,6,3.75
46,7.8,4.75
46,6.2,5.75
46,4.8,5
46,7.5,4.5
46,5.1,4.75
46,7.6,5.25
46,5.9,0.5
46,6.8,0
46,4.7,5.5
46,7.2,2.5
46,5.7,7.25
46,6.7,4.25
46,7,7
46,6.4,5
46,6.9,3
46,6.4,7.25
46,5.1,0.5
46,5.8,5.5
46,6.7,3.25
46,7.1,6.25
46,6.1,4.5
46,4.7,4.75
47,1.9,10
47,2.2,7.75
47,2.6,8
47,4.1,6.25
47,3.5,9.75
47,3.1,9.5
47,1,10
47,3.6,10
47,4.2,6.5
47,3.4,7.75
47,1.6,7.5
47,1.8,10
47,1.2,6.5
47,1.7,7.5
47,2.7,10
47,3.1,10
47,2.3,10
47,2.7,7.25
47,1.8,10
47,4,5.5
47,2.9,7
47,2.1,8.25
47,2.2,8.75
47,1.9,10
47,3.8,9
47,3.7,7
47,2.2,10
47,0.6,8.75
47,3.2,10
47,4.6,4
47,2.1,4.5
47,2.9,7
47,1.9,7
47,2,10
47,2.7,10
47,2.5,7.5
47,2.7,10
47,5.2,9.75
47,1.4,10
47,2.1,9.5
47,1.8,8.75
47,1.8,7.25
47,2.3,10
47,3,9.5
47,2.3,8.5
48,3.2,10
48,4.8,5.25
48,3.5,8.5
48,2.3,7.75
48,2.4,10
48,2.2,7
48,1.6,5
48,0.3,7.75
48,0.5,6.75
48,3.2,7.75
48,3.3,10
48,3,8.5
48,3.8,7.5
48,3.6,9
48,2.4,8
48,2.3,6.75
48,3.8,8
48,1.6,8.75
48,1.1,8.75
48,3.8,7.75
48,3.2,5.75
48,2.8,6.5
48,2.1,8.75
48,3.4,7.25
48,2.6,8
48,2.5,10
48,3.2,7.75
48,2.6,8.5
48,2.6,5.5
48,2.4,7.5
48,3.3,8
48,2.7,6.25
48,1.8,3
48,2.9,3.75
48,2.4,10
48,2.8,7
48,2.4,8.75
48,3.7,8.5
48,3.1,9.25
48,1.7,5
48,2.6,9.25
48,2.7,7
48,3.3,5
48,1.5,7
48,4.9,8
49,6.8,5.5
49,7.2,6.5
49,6.4,9.75
49,9.6,8.75
49,8.5,7.25
49,7.9,6.75
49,7.5,6.5
49,5.9,8
49,7.1,9.5
49,6.7,6.5
49,7,10
49,7.3,1.5
49,6.5,9.75
49,8,8.75
49,8.8,4.75
49,7.1,5.75
49,8,7.5
49,8.6,7.5
49,6,7.5
49,5.8,3.25
49,6.8,5.5
49,6.5,3.25
49,7.1,6.5
49,7.6,4.75
49,8.7,6.75
49,6.8,9.75
49,6.2,6.75
49,7.9,9.25
49,7,4.5
49,5.9,3.5
49,7.1,10
49,8.5,6.5
49,8.1,6
49,6.3,8.75
49,6.6,6.25
49,5.1,7.75
49,7.6,8.5
49,6.4,9.25
49,6.6,6
49,7.7,8
49,7.9,6
49,7.9,10
49,6.1,6.75
49,6,4.5
49,8.9,9
50,2.9,10
50,1.4,3
50,2.8,6.5
50,2.7,8.25
50,2.4,4.25
50,1.1,6.5
50,4.2,5.75
50,1.2,2.75
50,1.6,4.75
50,1.2,6.5
50,1.7,7.75
50,3.4,8.5
50,2.1,4.25
50,3.6,7.25
50,1.9,7
50,2.4,7.75
50,1.2,3.75
50,0.9,5.25
50,2.1,8.5
50,4,8
50,2.3,5.5
50,2.2,8.5
50,3.9,7.5
50,3.3,7.25
50,2.7,3.75
50,1.4,8
50,2.6,8
50,1.3,4
50,2.2,7.5
50,3,7.25
50,2.5,4
50,1,5
50,1.8,4.25
50,3.8,9.25
50,2.7,7.5
50,3.6,5.75
50,2.7,9.5
50,1.5,6
50,2.2,6.5
50,2.9,9.75
50,3.5,6.75
50,1.8,4.25
50,2.4,7.25
50,2.8,8
50,1.6,4
51,4.4,4.75
51,6.7,7.75
51,6,6.75
51,4.8,6.5
51,5.5,10
51,6.1,9.5
51,4.6,4.75
51,5.6,8.75
51,5.7,6.5
51,3.7,7.25
51,6.5,10
51,4.5,6
51,5.7,6.5
51,3.7,9.75
51,5.3,9.75
51,5.4,3.75
51,5.5,9.5
51,5.9,5.25
51,5.6,7.25
51,7.2,5.25
51,4.9,9.5
51,6.1,6.5
51,5,7.5
51,6,9
51,7.3,7.25
51,8.6,10
51,3.7,5
51,6,10
51,5.2,7.5
51,6.1,8.25
51,4.3,6.5
51,4.1,6.75
51,5.1,10
51,5.8,8.75
51,6.5,7.75
51,5.8,7
51,5.7,8.5
51,6.3,5.5
51,4.4,5.25
51,6.1,9.75
51,5.3,5.5
51,3.9,3
51,6,8.25
51,4.8,9
51,6.1,8.75
52,4.9,6
52,3.5,6.5
52,3.1,6
52,3.4,7.75
52,3.8,8.75
52,3.6,8
52,4.4,6
52,4.8,6
52,3.9,4.5
52,1.5,4.75
52,5.2,7.75
52,3.1,5.75
52,2.6,8.75
52,4.6,9.75
52,3.8,6.75
52,4.7,6
52,4.2,3.75
52,3.5,6.5
52,2.6,4.5
52,3.9,7.75
52,3.3,7.75
52,3.2,6.25
52,4.3,2.5
52,3,7.5
52,3.1,7.25
52,3.6,5.75
52,3.6,8.25
52,4.9,10
52,3.9,6.75
52,2.4,6
52,4.3,6.5
52,2.7,4
52,2.8,6.5
52,3.6,8
52,4.1,6.25
52,2.9,5.5
52,4,10
52,3,8.5
52,3.5,4.5
52,4.2,7.75
52,3,5
52,3.7,5
52,3,8.25
52,2.7,4.75
52,3.9,9
53,8.2,8.5
53,6.8,2.75
53,7.2,4.75
53,6.9,9.25
53,6.3,10
53,7.7,9.5
53,8.5,4.75
53,7.2,4.5
53,6.7,7.75
53,7.1,8.75
53,6.2,9.25
53,7.4,8
53,7.9,6.5
53,6.4,7.75
53,7.4,9
53,7.5,4.5
53,7.6,6.5
53,7.3,8
53,7.2,7
53,6.3,7.5
53,8.1,7.5
53,7.6,8.25
53,6.7,7.25
53,7,7
53,8.3,7
53,7.7,9.75
53,7.9,10
53,6.4,5.75
53,7.4,7.25
53,7.4,8.25
53,7.2,5.5
53,7,5.5
53,7.4,10
53,8.7,6
53,8.6,7.5
53,7.2,8
53,4.8,8
53,9,9.5
53,5.3,6.25
53,7.5,8.5
53,8.1,8.25
53,7.7,10
53,5.5,5.25
53,7.2,5.75
53,6.9,6.75
54,9.3,8.25
54,8.7,3
54,8.6,10
54,9.1,8.75
54,9.1,10
54,8.5,8.75
54,8,10
54,7.4,7.25
54,7.1,9.75
54,7.3,8.25
54,10.1,10
54,7.8,8.5
54,9.5,7
54,7.1,10
54,8.8,10
54,7.3,6.75
54,9.8,9.25
54,8.1,6.25
54,8.4,5.75
54,10.1,9.75
54,7.8,9.75
54,8.5,6
54,8.9,7.5
54,9.5,9
54,8.8,9.25
54,8.8,5.25
54,8.9,10
54,8.1,9.25
54,8.8,6.5
54,7.7,6.25
54,8.6,8
54,8.3,9.25
54,8.7,8.75
54,11,10
54,8.2,9.25
54,8.4,9.5
54,9.8,10
54,7.7,7
54,9.3,8
54,10,4.25
54,8.7,7
54,8.3,9.75
54,9.3,10
54,9.2,10
54,9.2,10
55,8.2,6
55,8.4,9
55,6.1,3.25
55,8,5.25
55,8.6,5.5
55,7.4,8.75
55,6.3,5.25
55,8.4,6
55,8.6,9.5
55,7.5,5.75
55,6.1,3.75
55,7.6,7.25
55,6.7,3
55,7.5,6
55,7.4,8.25
55,8.7,7
55,8.4,8.25
55,6.7,2.75
55,8.2,7
55,6.7,5.75
55,6.2,4.5
55,8.2,8.75
55,8.2,3.5
55,4.7,6
55,6.2,7.75
55,9.2,8.25
55,7.7,5
55,7.9,10
55,9,0.25
55,7.8,3.75
55,8.4,9
55,7.8,7.5
55,7.8,5.75
55,6.9,4.25
55,9.7,9
55,8.5,7.5
55,7.4,4.25
55,7.6,5.5
55,7.5,6.75
55,7.2,7.5
55,8.4,8.25
55,7.3,7.25
55,7.9,7.5
55,9.6,7.5
55,8.4,6.25
56,6.3,10
56,6.2,8.5
56,4.6,7.75
56,8.5,10
56,7.3,8
56,6.5,10
56,4.3,8.5
56,7,10
56,6.8,8.75
56,5.7,9.75
56,6.1,9.25
56,5.4,5
56,7,6.5
56,7,6.5
56,6.5,6.5
56,5.6,4.5
56,4.9,7.25
56,7.3,10
56,6.3,7
56,6.1,5
56,5.1,7.25
56,6.2,7.25
56,4.8,6
56,7,8.5
56,5.7,6.5
56,6.9,7
56,6.5,9.25
56,6.5,6.25
56,5.3,9.5
56,5.1,8.25
56,4.9,7.75
56,6.7,10
56,4.9,7
56,6.9,7.5
56,7.2,8.25
56,7.4,8.5
56,6.6,5.5
56,7.6,5
56,5.6,7.25
56,6.6,5
56,7.6,7
56,5.6,5
56,6.5,9.25
56,3.4,9
56,6.8,9
57,4.3,8.75
57,2.7,6.75
57,3,8.5
57,4.3,7.25
57,5.4,8.25
57,5,10
57,4.4,8.25
57,4.9,9.5
57,4.3,7.25
57,5.4,6.5
57,5.4,10
57,4.3,8.75
57,4.7,7.75
57,5,8
57,5.2,9.5
57,5.1,10
57,3.8,9.75
57,5.3,5.25
57,5.5,8.75
57,5.2,8.75
57,6.6,8.75
57,6.2,8.75
57,4.5,8.25
57,5.2,8.75
57,5.1,8.5
57,6.2,6.5
57,5.6,8.5
57,4.6,8.5
57,4.2,10
57,4.9,10
57,3.9,9.25
57,4.6,6.5
57,3.9,8.25
57,2.2,8
57,4.4,9.25
57,6.7,7.5
57,6.6,10
57,5,6.75
57,3.4,7.25
57,3.4,3.75
57,4.4,9.5
57,4.2,9
57,2.5,4.25
57,4.5,9.5
57,4.8,6.75
58,7.8,8.25
58,6.3,10
58,7.8,7
58,5.9,4.75
58,6.7,7
58,7.8,8.5
58,6.3,6.25
58,8.7,7.5
58,7.3,10
58,4.8,4.25
58,8.4,8.75
58,8.5,5
58,7.4,7.5
58,7.9,7.25
58,7.9,6.75
58,7,8.75
58,7.2,6.75
58,6.6,7
58,7,7
58,6.8,2.75
58,7.9,8.25
58,8.8,7.5
58,7.8,3.75
58,8.8,7
58,8.8,4.75
58,7.1,10
58,6.9,9.25
58,6.7,5.25
58,9.2,10
58,6.7,8.5
58,6.6,6.75
58,6.7,7
58,6.9,6
58,7.1,8
58,8.8,8.75
58,8.4,8.5
58,7.2,7
58,6.2,9.25
58,7.5,6
58,6.8,4.75
58,8.4,5.5
58,6.7,5.5
58,7.3,7
58,7.2,9.25
58,6.1,7.5
59,7.7,7.25
59,8.8,8.5
59,8.7,5.75
59,9.2,7.5
59,8.9,3.75
59,6.4,6.75
59,9.5,7
59,7.9,7.5
59,9.2,4.5
59,7.2,5.25
59,9.5,1.25
59,8.2,7
59,7.5,7.25
59,7.2,1.75
59,7.9,4
59,8.3,9
59,8.3,5.5
59,7.8,9.25
59,7.8,5.5
59,7.7,3
59,8.7,8.5
59,8.9,6.75
59,7.8,6
59,8.1,5.25
59,9.2,5.25
59,6.8,5.75
59,6.9,9.75
59,8.3,4
59,7.8,9
59,8.2,7.5
59,8.7,7
59,6.8,9.75
59,8.2,7.75
59,8.9,7.25
59,8.2,3.5
59,8,5.25
59,8.1,5.5
59,7,3.5
59,8.4,5.75
59,8.9,6.25
59,8,3.25
59,8.3,9.5
59,8.9,7.5
59,8,6.25
59,6.5,10
60,3.1,8.75
60,5.8,9.75
60,2.7,7.75
60,2,4.5
60,2.1,7.25
60,2.4,6.5
60,4.9,7.5
60,3.1,5.25
60,3.8,8.5
60,2.3,7.75
60,2.8,7.5
60,2.2,7.75
60,4,2.75
60,2.7,7.75
60,2.1,8.25
60,2,5
60,1.9,5.5
60,2.3,6
60,1.9,7.75
60,5.1,7.5
60,4.3,8.5
60,3,9.75
60,2.3,5
60,2.2,9.5
60,4.4,8
60,4.2,7.5
60,2.5,5.25
60,4.4,8.25
60,2.4,8.5
60,3.6,4.75
60,3.9,8.25
60,2.6,8
60,2.6,9
60,2.4,8.5
60,2.8,6.5
60,3.9,9.25
60,3.7,6.75
60,4.4,7.5
60,3.1,9.75
60,3.7,9.25
60,2.8,5.5
60,2.5,9.75
60,1.4,5.25
60,3,8
60,2.8,9.25
